"연월일","총가입회원","회원가입","회원탈퇴","앱설치","접속자"
"20220531","352936","333","142","406","9973"
"20220530","352603","330","121","401","8887"
"20220529","352273","294","111","347","5725"
"20220528","351979","328","251","387","7215"
"20220527","351651","289","98","366","9461"
"20220526","351362","306","70","367","9404"
"20220525","351056","280","126","354","10087"
"20220524","350776","377","75","416","10622"
"20220523","350399","198","85","269","8515"
"20220522","350201","307","316","359","5865"
"20220521","349894","289","66","343","7311"
"20220520","349605","286","69","335","9637"
"20220519","349319","277","88","347","9734"
"20220518","349042","273","85","345","10124"
"20220517","348769","305","84","364","10445"
"20220516","348464","210","113","278","8999"
"20220515","348254","270","68","329","5747"
"20220514","347984","298","62","352","7576"
"20220513","347686","271","64","331","9922"
"20220512","347415","282","76","342","9631"
"20220511","347133","300","78","376","10350"
"20220510","346833","355","84","401","10977"
"20220509","346478","221","295","305","9400"
"20220508","346257","116","67","191","3055"
"20220507","346141","269","69","319","6657"
"20220506","345872","335","85","399","9860"
"20220505","345537","159","77","228","3647"
"20220504","345378","342","80","400","10757"
"20220503","345036","464","81","475","11037"
"20220502","344572","566","92","501","9840"
"20220501","344006","231","79","299","5104"
"20220430","343775","266","97","352","7125"
"20220429","343509","249","81","302","8747"
"20220428","343260","297","98","345","9538"
"20220427","342963","325","85","368","16602"
"20220426","342638","307","88","375","21952"
"20220425","342331","284","88","342","8311"
"20220424","342047","299","138","349","5940"
"20220423","341748","287","72","355","7622"
"20220422","341461","232","80","299","8601"
"20220421","341229","251","92","319","9420"
"20220420","340978","300","89","358","9680"
"20220419","340678","281","105","340","9647"
"20220418","340397","221","141","301","8349"
"20220417","340176","283","96","351","5986"
"20220416","339893","286","277","347","7539"
"20220415","339607","265","49","338","9132"
"20220414","339342","261","56","325","8961"
"20220413","339081","314","83","379","9474"
"20220412","338767","279","51","361","9441"
"20220411","338488","262","51","316","7906"
"20220410","338226","245","53","325","5631"
"20220409","337981","289","61","357","6918"
"20220408","337692","249","51","321","8811"
"20220407","337443","297","78","347","8931"
"20220406","337146","340","75","366","9893"
"20220405","336806","470","88","479","9996"
"20220404","336336","314","342","370","8274"
"20220403","336022","258","59","337","5645"
"20220402","335764","329","48","374","7427"
"20220401","335435","417","78","453","9268"
"20220331","335018","496","93","478","8138"
"20220330","334522","269","80","342","7647"
"20220329","334253","299","84","377","8014"
"20220328","333954","246","94","298","6592"
"20220327","333708","317","82","363","5721"
"20220326","333391","312","67","367","6679"
"20220325","333079","279","105","348","7255"
"20220324","332800","338","86","392","8206"
"20220323","332462","265","82","330","7671"
"20220322","332197","317","66","385","7799"
"20220321","331880","256","65","334","6482"
"20220320","331624","291","79","349","5958"
"20220319","331333","306","67","367","6590"
"20220318","331027","288","85","360","7660"
"20220317","330739","249","96","306","7175"
"20220316","330490","283","73","359","7683"
"20220315","330207","291","87","367","7492"
"20220314","329916","203","80","256","5216"
"20220313","329713","278","76","336","5832"
"20220312","329435","318","81","378","6651"
"20220311","329117","262","116","343","7181"
"20220310","328855","299","89","363","7161"
"20220309","328556","137","85","220","3261"
"20220308","328419","288","89","355","7321"
"20220307","328131","243","91","300","5696"
"20220306","327888","332","94","386","5756"
"20220305","327556","389","77","407","6944"
"20220304","327167","288","103","360","7461"
"20220303","326879","346","104","400","7280"
"20220302","326533","330","128","423","8102"
"20220301","326203","165","82","291","3609"
"20220228","326038","266","76","349","5052"
"20220227","325772","284","76","347","5592"
"20220226","325488","305","80","395","6022"
"20220225","325183","286","105","387","6490"
"20220224","324897","337","77","448","6635"
"20220223","324560","274","91","376","6763"
"20220222","324286","317","155","402","6739"
"20220221","323969","266","80","337","5358"
"20220220","323703","316","78","340","5498"
"20220219","323387","306","73","351","6260"
"20220218","323081","271","103","317","6858"
"20220217","322810","257","86","355","7002"
"20220216","322553","472","97","503","7164"
"20220215","322081","227","250","298","6453"
"20220214","321854","196","82","261","4665"
"20220213","321658","263","115","322","5562"
"20220212","321395","307","70","346","6289"
"20220211","321088","227","88","275","6737"
"20220210","320861","236","118","295","7237"
"20220209","320625","294","100","351","7432"
"20220208","320331","310","88","357","7667"
"20220207","320021","242","77","297","6135"
"20220206","319779","345","68","377","6240"
"20220205","319434","390","102","412","7193"
"20220204","319044","339","82","386","7873"
"20220203","318705","411","105","434","9290"
"20220202","318294","173","93","230","3530"
"20220201","318121","100","95","160","2409"
"20220131","318021","110","79","161","2330"
"20220130","317911","222","90","278","4570"
"20220129","317689","296","61","338","5873"
"20220128","317393","300","99","354","7153"
"20220127","317093","269","98","343","7429"
"20220126","316824","308","75","365","7875"
"20220125","316516","338","85","401","7794"
"20220124","316178","301","72","330","7585"
"20220123","315877","327","78","359","5910"
"20220122","315550","345","80","397","6472"
"20220121","315205","295","127","357","7499"
"20220120","314910","303","108","368","7638"
"20220119","314607","252","236","333","7299"
"20220118","314355","300","83","383","8044"
"20220117","314055","197","73","281","6568"
"20220116","313858","328","61","370","5866"
"20220115","313530","334","92","369","6467"
"20220114","313196","303","76","349","7425"
"20220113","312893","337","55","385","8177"
"20220112","312556","400","94","445","8471"
"20220111","312156","353","72","409","8557"
"20220110","311803","349","74","380","7523"
"20220109","311454","354","92","413","5844"
"20220108","311100","420","128","431","6924"
"20220107","310680","445","97","470","8337"
"20220106","310235","379","80","422","8409"
"20220105","309856","354","71","402","8914"
"20220104","309502","443","72","453","9386"
"20220103","309059","353","78","411","7698"
"20220102","308706","324","74","370","5776"
"20220101","308382","133","56","208","3307"
"20211231","308249","281","88","336","6384"
"20211230","307968","338","92","396","7219"
"20211229","307630","327","87","378","7634"
"20211228","307303","350","77","415","7642"
"20211227","306953","310","92","372","6195"
"20211226","306643","274","62","329","5125"
"20211225","306369","124","126","206","2928"
"20211224","306245","255","72","296","7928"
"20211223","305990","247","60","320","6984"
"20211222","305743","305","246","398","7389"
"20211221","305438","275","92","353","7828"
"20211220","305163","207","66","290","6422"
"20211219","304956","223","67","277","4550"
"20211218","304733","259","60","326","5693"
"20211217","304474","235","80","299","6911"
"20211216","304239","235","92","319","7047"
"20211215","304004","223","136","303","7469"
"20211214","303781","229","62","312","7404"
"20211213","303552","175","70","252","6584"
"20211212","303377","244","71","316","4920"
"20211211","303133","315","69","337","6149"
"20211210","302818","240","69","291","7147"
"20211209","302578","285","98","343","7431"
"20211208","302293","260","102","312","7572"
"20211207","302033","279","245","353","7363"
"20211206","301754","240","58","301","6912"
"20211205","301514","240","58","285","4740"
"20211204","301274","285","43","333","5836"
"20211203","300989","251","73","299","7052"
"20211202","300738","247","61","321","6878"
"20211201","300491","289","49","334","7670"
"20211130","300202","267","50","334","6537"
"20211129","299935","300","66","314","6220"
"20211128","299635","223","77","278","4754"
"20211127","299412","282","58","337","5956"
"20211126","299130","251","48","323","6796"
"20211125","298879","304","50","358","6896"
"20211124","298575","325","149","384","7402"
"20211123","298250","292","66","318","7601"
"20211122","297958","184","72","248","6265"
"20211121","297774","234","46","282","4733"
"20211120","297540","254","44","314","5793"
"20211119","297286","204","46","296","7081"
"20211118","297082","208","52","293","6820"
"20211117","296874","243","40","306","7372"
"20211116","296631","243","38","320","7368"
"20211115","296388","194","45","267","6197"
"20211114","296194","210","34","275","4678"
"20211113","295984","262","37","317","6022"
"20211112","295722","252","39","314","7298"
"20211111","295470","231","40","293","7069"
"20211110","295239","282","42","354","7520"
"20211109","294957","264","36","315","7304"
"20211108","294693","190","31","268","5671"
"20211107","294503","265","50","332","4799"
"20211106","294238","302","31","345","5817"
"20211105","293936","249","85","311","7036"
"20211104","293687","296","40","346","7344"
"20211103","293391","400","52","432","8149"
"20211102","292991","361","68","402","7663"
"20211101","292630","503","39","517","7154"
"20211031","292127","275","36","327","5172"
"20211030","291852","296","25","347","5608"
"20211029","291556","278","40","341","6249"
"20211028","291278","280","32","334","6465"
"20211027","290998","343","26","362","6686"
"20211026","290655","322","30","377","6687"
"20211025","290333","229","127","288","5198"
"20211024","290104","276","30","325","5468"
"20211023","289828","292","29","352","6535"
"20211022","289536","363","32","414","15557"
"20211021","289173","491","26","474","20451"
"20211020","288682","675","28","587","7303"
"20211019","288007","417","37","459","6752"
"20211018","287590","428","36","403","5270"
"20211017","287162","250","26","298","4855"
"20211016","286912","259","25","332","6705"
"20211015","286653","247","29","318","19548"
"20211014","286406","277","17","327","6204"
"20211013","286129","293","36","346","6364"
"20211012","285836","282","24","328","6462"
"20211011","285554","137","40","208","2846"
"20211010","285417","272","24","311","5010"
"20211009","285145","128","29","199","3170"
"20211008","285017","199","38","282","5423"
"20211007","284818","221","45","287","6176"
"20211006","284597","235","45","295","5913"
"20211005","284362","242","38","322","6517"
"20211004","284120","122","30","184","3040"
"20211003","283998","139","27","198","2627"
"20211002","283859","252","25","332","5667"
"20211001","283607","256","41","327","6063"
"20210930","283351","230","36","317","6058"
"20210929","283121","206","38","255","5703"
"20210928","282915","234","33","299","5994"
"20210927","282681","199","35","269","4773"
"20210926","282482","275","19","327","5072"
"20210925","282207","289","17","360","6089"
"20210924","281918","259","19","326","6125"
"20210923","281659","284","25","349","7445"
"20210922","281375","110","22","159","2946"
"20210921","281265","78","36","128","1773"
"20210920","281187","81","32","133","1894"
"20210919","281106","132","29","218","3852"
"20210918","280974","237","36","284","5049"
"20210917","280737","206","39","257","5874"
"20210916","280531","229","62","314","6371"
"20210915","280302","235","216","301","6082"
"20210914","280067","228","25","307","6341"
"20210913","279839","180","25","241","4767"
"20210912","279659","247","22","300","4846"
"20210911","279412","276","27","363","5654"
"20210910","279136","230","19","307","6028"
"20210909","278906","247","43","318","6225"
"20210908","278659","236","30","302","6132"
"20210907","278423","224","35","295","6125"
"20210906","278199","210","43","274","4904"
"20210905","277989","285","28","329","4974"
"20210904","277704","320","29","369","5899"
"20210903","277384","268","16","328","6170"
"20210902","277116","309","21","358","6290"
"20210901","276807","315","31","402","6722"
"20210831","276492","202","26","265","5342"
"20210830","276290","221","17","306","5005"
"20210829","276069","240","25","327","4996"
"20210828","275829","283","24","356","5346"
"20210827","275546","227","12","313","5396"
"20210826","275319","238","19","338","5759"
"20210825","275081","278","24","359","6637"
"20210824","274803","269","22","359","6374"
"20210823","274534","224","23","273","4726"
"20210822","274310","317","37","354","4996"
"20210821","273993","278","24","343","5302"
"20210820","273715","257","20","327","5844"
"20210819","273458","293","23","346","6118"
"20210818","273165","247","42","310","6526"
"20210817","272918","367","27","399","6974"
"20210816","272551","177","21","252","3305"
"20210815","272374","155","30","233","2664"
"20210814","272219","286","29","317","5409"
"20210813","271933","299","38","339","6176"
"20210812","271634","326","24","338","6026"
"20210811","271308","309","24","351","6221"
"20210810","270999","345","25","382","6513"
"20210809","270654","246","22","291","5008"
"20210808","270408","315","34","345","4790"
"20210807","270093","316","33","375","5511"
"20210806","269777","291","20","347","5746"
"20210805","269486","307","28","344","6238"
"20210804","269179","307","27","357","6289"
"20210803","268872","387","42","408","6621"
"20210802","268485","309","33","340","5040"
"20210801","268176","292","39","322","4968"
"20210731","267884","280","23","326","5320"
"20210730","267604","253","25","303","5539"
"20210729","267351","424","19","432","6241"
"20210728","266927","351","24","395","6390"
"20210727","266576","351","40","395","6764"
"20210726","266225","256","31","307","4732"
"20210725","265969","302","29","350","4806"
"20210724","265667","323","14","356","6444"
"20210723","265344","336","20","367","6119"
"20210722","265008","348","18","402","6131"
"20210721","264660","349","35","395","6376"
"20210720","264311","374","1","420","6939"
"20210719","263937","504","2","466","5411"
"20210718","263433","320","4","342","4958"
"20210717","263113","356","4","372","5595"
"20210716","262757","303","3","355","5796"
"20210715","262454","337","0","379","5762"
"20210714","262117","332","5","378","6420"
"20210713","261785","321","0","356","6274"
"20210712","261464","258","3","317","4816"
"20210711","261206","304","5","340","4850"
"20210710","260902","338","4","366","5999"
"20210709","260564","274","3","348","5928"
"20210708","260290","353","6","380","6176"
"20210707","259937","334","6","366","6433"
"20210706","259603","380","6","408","7101"
"20210705","259223","279","5","336","5319"
"20210704","258944","372","4","381","4715"
"20210703","258572","307","2","366","5292"
"20210702","258265","291","6","334","5990"
"20210701","257974","351","6","394","6293"
"20210630","257623","294","4","339","5953"
"20210629","257329","274","2","334","5792"
"20210628","257055","217","4","282","4517"
"20210627","256838","313","3","346","4442"
"20210626","256525","310","3","357","5186"
"20210625","256215","258","7","301","5369"
"20210624","255957","253","4","306","5622"
"20210623","255704","293","2","313","6232"
"20210622","255411","292","2","341","6010"
"20210621","255119","215","3","243","4549"
"20210620","254904","286","3","322","4325"
"20210619","254618","301","1","333","4832"
"20210618","254317","234","0","269","5089"
"20210617","254083","239","3","300","5318"
"20210616","253844","294","2","339","5857"
"20210615","253550","320","2","371","5850"
"20210614","253230","179","2","231","4419"
"20210613","253051","270","4","312","4385"
"20210612","252781","276","2","321","4998"
"20210611","252505","228","1","287","5188"
"20210610","252277","223","4","292","5285"
"20210609","252054","281","4","308","5501"
"20210608","251773","295","3","338","6107"
"20210607","251478","211","1","265","4900"
"20210606","251267","155","4","213","2537"
"20210605","251112","290","7","345","5025"
"20210604","250822","309","2","339","5840"
"20210603","250513","210","3","284","5186"
"20210602","250303","288","5","326","6103"
"20210601","250015","325","1","359","5966"
"20210531","249690","218","4","265","4536"
"20210530","249472","296","7","333","4387"
"20210529","249176","277","5","325","4750"
"20210528","248899","245","2","287","5075"
"20210527","248654","275","4","313","5140"
"20210526","248379","297","7","325","5623"
"20210525","248082","340","5","367","5821"
"20210524","247742","182","1","282","4981"
"20210523","247560","251","2","294","4336"
"20210522","247309","306","1","346","5032"
"20210521","247003","245","5","278","5471"
"20210520","246758","232","1","294","5694"
"20210519","246526","121","0","179","2459"
"20210518","246405","252","4","307","5416"
"20210517","246153","163","3","227","3971"
"20210516","245990","202","1","256","3623"
"20210515","245788","230","2","271","4102"
"20210514","245558","197","3","251","4729"
"20210513","245361","237","4","279","5401"
"20210512","245124","240","1","281","5652"
"20210511","244884","284","3","321","5789"
"20210510","244600","191","1","246","4269"
"20210509","244409","251","0","279","3923"
"20210508","244158","244","4","307","4283"
"20210507","243914","234","4","285","5147"
"20210506","243680","312","2","350","5616"
"20210505","243368","149","4","206","2644"
"20210504","243219","331","4","359","5001"
"20210503","242888","309","4","321","4602"
"20210502","242579","319","5","353","4379"
"20210501","242260","314","7","365","4226"
"20210430","241946","452","2","478","5189"
"20210429","241494","615","3","535","5461"
"20210428","240879","276","2","290","5260"
"20210427","240603","310","4","344","5608"
"20210426","240293","199","1","237","3775"
"20210425","240094","234","1","284","3768"
"20210424","239860","248","2","292","4326"
"20210423","239612","238","3","284","4968"
"20210422","239374","233","6","277","4674"
"20210421","239141","244","6","307","5103"
"20210420","238897","321","5","337","5421"
"20210419","238576","180","2","253","3825"
"20210418","238396","285","2","325","4186"
"20210417","238111","296","3","329","4874"
"20210416","237815","253","4","312","4820"
"20210415","237562","282","7","324","5038"
"20210414","237280","293","3","333","5098"
"20210413","236987","348","4","370","5490"
"20210412","236639","188","3","251","3574"
"20210411","236451","249","4","307","4044"
"20210410","236202","279","4","333","4446"
"20210409","235923","271","3","333","4857"
"20210408","235652","287","4","314","4858"
"20210407","235365","333","2","351","5062"
"20210406","235032","308","2","357","5296"
"20210405","234724","209","2","251","4021"
"20210404","234515","278","8","329","4390"
"20210403","234237","289","3","337","4249"
"20210402","233948","377","1","399","5094"
"20210401","233571","404","7","407","5599"
"20210331","233167","290","3","346","5529"
"20210330","232877","271","5","325","5226"
"20210329","232606","258","4","277","3763"
"20210328","232348","304","2","339","4026"
"20210327","232044","272","2","311","4172"
"20210326","231772","284","7","332","4640"
"20210325","231488","255","1","324","4387"
"20210324","231233","302","3","359","5152"
"20210323","230931","280","3","338","5263"
"20210322","230651","207","4","259","3629"
"20210321","230444","314","2","319","3907"
"20210320","230130","325","4","351","4317"
"20210319","229805","256","1","318","4443"
"20210318","229549","291","6","335","4730"
"20210317","229258","323","3","349","4714"
"20210316","228935","324","4","355","5150"
"20210315","228611","203","3","271","3558"
"20210314","228408","328","3","344","3792"
"20210313","228080","370","8","356","4345"
"20210312","227710","267","4","319","4442"
"20210311","227443","281","3","333","4526"
"20210310","227162","294","4","339","4822"
"20210309","226868","344","2","377","4607"
"20210308","226524","226","2","284","3413"
"20210307","226298","316","5","348","3851"
"20210306","225982","332","4","356","4401"
"20210305","225650","245","1","297","4231"
"20210304","225405","296","7","340","4467"
"20210303","225109","310","1","345","4378"
"20210302","224799","313","0","365","4879"
"20210301","224486","161","2","210","2370"
"20210228","224325","230","2","276","3175"
"20210227","224095","254","2","307","3654"
"20210226","223841","253","2","318","3683"
"20210225","223588","261","5","290","3641"
"20210224","223327","295","5","319","4161"
"20210223","223032","291","5","339","4329"
"20210222","222741","180","8","242","3067"
"20210221","222561","270","6","299","3744"
"20210220","222291","237","0","296","3860"
"20210219","222054","210","4","268","3822"
"20210218","221844","247","2","296","4256"
"20210217","221597","274","5","315","3834"
"20210216","221323","228","4","273","4006"
"20210215","221095","188","4","229","3253"
"20210214","220907","270","1","314","3571"
"20210213","220637","79","2","141","2023"
"20210212","220558","67","2","130","1326"
"20210211","220491","95","2","159","1431"
"20210210","220396","285","7","324","4109"
"20210209","220111","265","5","302","4219"
"20210208","219846","183","1","239","2859"
"20210207","219663","270","0","330","3128"
"20210206","219393","246","2","289","3507"
"20210205","219147","234","8","277","3461"
"20210204","218913","238","6","294","3737"
"20210203","218675","270","5","329","3886"
"20210202","218405","286","3","328","4388"
"20210201","218119","284","7","336","8822"
"20210131","217835","234","4","274","3121"
"20210130","217601","264","9","308","3163"
"20210129","217337","246","3","302","3062"
"20210128","217091","198","4","278","2844"
"20210127","216893","299","2","340","3413"
"20210126","216594","235","6","283","3022"
"20210125","216359","173","5","236","2154"
"20210124","216186","197","6","283","2844"
"20210123","215989","280","4","348","3119"
"20210122","215709","227","5","290","3092"
"20210121","215482","224","5","291","2759"
"20210120","215258","258","3","311","3383"
"20210119","215000","237","3","287","2751"
"20210118","214763","186","2","225","2088"
"20210117","214577","144","1","197","1570"
"20210116","214433","141","8","188","1713"
"20210115","214292","192","2","231","2020"
"20210114","214100","195","0","233","2086"
"20210113","213905","206","2","255","2083"
"20210112","213699","191","4","248","2355"
"20210111","213508","157","2","195","1815"
"20210110","213351","163","3","209","1547"
"20210109","213188","156","0","208","1664"
"20210108","213032","154","2","198","1854"
"20210107","212878","184","3","214","1857"
"20210106","212694","251","4","278","2158"
"20210105","212443","201","4","234","2149"
"20210104","212242","177","5","210","1964"
"20210103","212065","154","2","206","1580"
"20210102","211911","371","5","388","2134"
"20210101","211540","100","4","149","1536"
"20201231","211440","137","4","172","1923"
"20201230","211303","216","6","244","2079"
"20201229","211087","184","10","221","2030"
"20201228","210903","127","6","177","1594"
"20201227","210776","135","3","174","1458"
"20201226","210641","85","1","141","1373"
"20201225","210556","64","0","110","1181"
"20201224","210492","129","5","170","3368"
"20201223","210363","112","2","191","1885"
"20201222","210251","130","5","172","1766"
"20201221","210121","113","2","157","1560"
"20201220","210008","108","3","140","1349"
"20201219","209900","90","1","130","1533"
"20201218","209810","112","3","164","2536"
"20201217","209698","152","4","190","7248"
"20201216","209546","100","1","143","1752"
"20201215","209446","117","2","157","1624"
"20201214","209329","101","2","151","1454"
"20201213","209228","87","7","126","1127"
"20201212","209141","95","1","145","1369"
"20201211","209046","126","4","168","1644"
"20201210","208920","110","1","160","1652"
"20201209","208810","110","0","154","1605"
"20201208","208700","126","3","179","1689"
"20201207","208574","114","5","143","1426"
"20201206","208460","81","2","122","1180"
"20201205","208379","89","1","135","1392"
"20201204","208290","161","4","219","2621"
"20201203","208129","147","3","186","2204"
"20201202","207982","140","4","197","2404"
"20201201","207842","133","3","205","2365"
"20201130","207709","113","3","159","2091"
"20201129","207596","123","2","162","1861"
"20201128","207473","134","2","180","2062"
"20201127","207339","148","3","192","2472"
"20201126","207191","170","2","214","2715"
"20201125","207021","175","3","221","3471"
"20201124","206846","164","3","202","3474"
"20201123","206682","142","1","201","3300"
"20201122","206540","161","4","211","2964"
"20201121","206379","190","2","249","3146"
"20201120","206189","194","1","243","4088"
"20201119","205995","205","4","252","8642"
"20201118","205790","206","3","260","9615"
"20201117","205584","208","4","264","3986"
"20201116","205376","150","4","202","3057"
"20201115","205226","191","0","235","2806"
"20201114","205035","224","3","282","3410"
"20201113","204811","268","3","304","4324"
"20201112","204543","266","1","293","10984"
"20201111","204277","238","4","287","3829"
"20201110","204039","215","0","273","3965"
"20201109","203824","179","2","225","3082"
"20201108","203645","203","1","263","2755"
"20201107","203442","202","0","243","3132"
"20201106","203240","218","3","274","4004"
"20201105","203022","299","2","327","12226"
"20201104","202723","308","5","324","3815"
"20201103","202415","383","4","404","3702"
"20201102","202032","242","2","295","2852"
"20201101","201790","216","5","261","2588"
"20201031","201574","235","3","287","3016"
"20201030","201339","312","4","348","3098"
"20201029","201027","265","4","302","3176"
"20201028","200762","256","3","291","3275"
"20201027","200506","293","5","359","5339"
"20201026","200213","217","3","319","14799"
"20201025","199996","183","5","288","3771"
"20201024","199813","192","2","283","4656"
"20201023","199621","263","3","352","4878"
"20201022","199358","195","4","321","4253"
"20201021","199163","237","3","340","4493"
"20201020","198926","168","4","254","4438"
"20201019","198758","130","3","195","3674"
"20201018","198628","185","3","255","3728"
"20201017","198443","169","5","257","4160"
"20201016","198274","161","4","245","10973"
"20201015","198113","158","3","264","4181"
"20201014","197955","179","2","306","4303"
"20201013","197776","135","2","241","4027"
"20201012","197641","172","1","257","3374"
"20201011","197469","128","2","204","2980"
"20201010","197341","132","2","224","3631"
"20201009","197209","73","1","131","2337"
"20201008","197136","138","1","229","3473"
"20201007","196998","140","3","235","4055"
"20201006","196858","137","1","235","4140"
"20201005","196721","154","4","234","3385"
"20201004","196567","102","5","163","2761"
"20201003","196465","103","3","164","2506"
"20201002","196362","70","0","136","2324"
"20201001","196292","109","7","151","2591"
"20200930","196183","112","5","173","2444"
"20200929","196071","266","5","383","4696"
"20200928","195805","166","4","237","8839"
"20200927","195639","107","2","175","2222"
"20200926","195532","112","5","180","2740"
"20200925","195420","134","0","232","3545"
"20200924","195286","151","4","225","11283"
"20200923","195135","161","9","246","4490"
"20200922","194974","146","2","297","4967"
"20200921","194828","123","4","212","14329"
"20200920","194705","94","5","198","2350"
"20200919","194611","110","5","203","3385"
"20200918","194501","121","8","192","9563"
"20200917","194380","140","5","221","9221"
"20200916","194240","161","3","268","3564"
"20200915","194079","197","5","322","4066"
"20200914","193882","193","4","296","13938"
"20200913","193689","91","2","153","2232"
"20200912","193598","108","2","187","3170"
"20200911","193490","156","5","243","10163"
"20200910","193334","231","1","339","2946"
"20200909","193103","95","4","157","3641"
"20200908","193008","86","3","154","8881"
"20200907","192922","63","3","107","1913"
"20200906","192859","60","2","113","1790"
"20200905","192799","59","3","116","2162"
"20200904","192740","81","4","139","2417"
"20200903","192659","78","1","140","2651"
"20200902","192581","90","3","159","2563"
"20200901","192491","80","5","135","2915"
"20200831","192411","52","0","100","2334"
"20200830","192359","57","4","96","1867"
"20200829","192302","50","7","111","2359"
"20200828","192252","101","4","161","2793"
"20200827","192151","77","0","145","2587"
"20200826","192074","86","4","152","2825"
"20200825","191988","94","6","172","2748"
"20200824","191894","58","1","101","4152"
"20200823","191836","72","1","128","1902"
"20200822","191764","76","2","139","2359"
"20200821","191688","123","10","215","2855"
"20200820","191565","92","0","171","3351"
"20200819","191473","117","5","202","4474"
"20200818","191356","148","4","246","10233"
"20200817","191208","97","0","175","2809"
"20200816","191111","140","3","235","3922"
"20200815","190971","87","2","186","2800"
"20200814","190884","190","2","314","4835"
"20200813","190694","211","2","305","5051"
"20200812","190483","216","3","350","5384"
"20200811","190267","197","4","266","5213"
"20200810","190070","155","3","248","3853"
"20200809","189915","174","2","276","4388"
"20200808","189741","256","3","383","5579"
"20200807","189485","199","1","303","15849"
"20200806","189286","182","2","283","10098"
"20200805","189104","217","3","315","4536"
"20200804","188887","218","3","333","4604"
"20200803","188669","211","4","336","3442"
"20200802","188458","134","1","239","3505"
"20200801","188324","179","1","300","4388"
"20200731","188145","207","0","341","4378"
"20200730","187938","230","3","347","4381"
"20200729","187708","169","2","297","3850"
"20200728","187539","165","6","315","4459"
"20200727","187374","168","3","275","3058"
"20200726","187206","184","5","267","3062"
"20200725","187022","181","5","304","3216"
"20200724","186841","181","7","316","6613"
"20200723","186660","163","5","249","2258"
"20200722","186497","240","5","358","2617"
"20200721","186257","249","28","343","2742"
"20200720","186008","198","35","310","2241"
"20200719","185810","150","36","249","2093"
"20200718","185660","244","23","429","3181"
"20200717","185416","240","19","748","5895"
"20200716","185176","246","26","390","6995"
"20200715","184930","298","30","445","2781"
"20200714","184632","295","39","400","7185"
"20200713","184337","164","25","279","1634"
"20200712","184173","92","29","147","1321"
"20200711","184081","140","23","192","1714"
"20200710","183941","138","25","243","1708"
"20200709","183803","156","28","239","1788"
"20200708","183647","146","36","233","1821"
"20200707","183501","191","34","280","2230"
"20200706","183310","151","33","255","6619"
"20200705","183159","67","150","171","1283"
"20200704","183092","95","21","237","1556"
"20200703","182997","107","21","199","1831"
"20200702","182890","156","35","221","2372"
"20200701","182734","107","33","170","15027"
"20200630","182627","70","33","147","1448"
"20200629","182557","64","41","125","1356"
"20200628","182493","57","43","86","1149"
"20200627","182436","55","70","107","1364"
"20200626","182381","64","42","100","1298"
"20200625","182317","76","41","192","1454"
"20200624","182241","58","1","134","1356"
"20200623","182183","57","2","110","2263"
"20200622","182126","58","60","107","1166"
"20200621","182068","37","49","72","1055"
"20200620","182031","58","33","101","1248"
"20200619","181973","72","52","117","1434"
"20200618","181901","100","48","143","1322"
"20200617","181801","81","79","143","1471"
"20200616","181720","81","31","118","1409"
"20200615","181639","52","36","85","1364"
"20200614","181587","39","32","79","1211"
"20200613","181548","36","24","77","1330"
"20200612","181512","42","27","77","5127"
"20200611","181470","61","21","113","1347"
"20200610","181409","62","21","111","1389"
"20200609","181347","57","37","117","1441"
"20200608","181290","60","21","101","1309"
"20200607","181230","48","22","93","1238"
"20200606","181182","45","26","79","1243"
"20200605","181137","59","23","121","1505"
"20200604","181078","60","13","108","1518"
"20200603","181018","64","17","123","1740"
"20200602","180954","58","23","115","1980"
"20200601","180896","59","40","115","9750"
"20200531","180837","36","31","77","1445"
"20200530","180801","64","22","119","1978"
"20200529","180737","117","22","193","12401"
"20200528","180620","119","25","165","2085"
"20200527","180501","179","26","255","2159"
"20200526","180322","254","30","355","2379"
"20200525","180068","135","44","195","1947"
"20200524","179933","109","30","164","3221"
"20200523","179824","109","12","176","2542"
"20200522","179715","134","26","213","6959"
"20200521","179581","145","35","208","2168"
"20200520","179436","118","32","192","2128"
"20200519","179318","130","41","240","2200"
"20200518","179188","85","56","183","1539"
"20200517","179103","97","24","201","1832"
"20200516","179006","127","26","260","1752"
"20200515","178879","118","29","235","2032"
"20200514","178761","117","21","230","2686"
"20200513","178644","171","26","289","6844"
"20200512","178473","135","33","266","2173"
"20200511","178338","120","31","204","1794"
"20200510","178218","123","22","242","1852"
"20200509","178095","123","23","213","2131"
"20200508","177972","120","33","208","1982"
"20200507","177852","121","16","214","2026"
"20200506","177731","124","16","229","2430"
"20200505","177607","87","17","187","2991"
"20200504","177520","111","22","220","18853"
"20200503","177409","75","28","130","1474"
"20200502","177334","63","23","133","1436"
"20200501","177271","90","21","172","1879"
"20200430","177181","74","34","147","1538"
"20200429","177107","101","33","185","1862"
"20200428","177006","141","30","224","1872"
"20200427","176865","102","33","197","1736"
"20200426","176763","58","20","183","1774"
"20200425","176705","114","20","210","1664"
"20200424","176591","119","34","221","1875"
"20200423","176472","160","36","258","3505"
"20200422","176312","139","37","259","2051"
"20200421","176173","171","31","274","2020"
"20200420","176002","158","46","279","2238"
"20200419","175844","107","30","205","1734"
"20200418","175737","138","29","271","2282"
"20200417","175599","263","36","910","5150"
"20200416","175336","133","29","219","1602"
"20200415","175203","89","41","158","1413"
"20200414","175114","119","26","189","1774"
"20200413","174995","116","32","196","1746"
"20200412","174879","77","29","125","1365"
"20200411","174802","91","33","173","1937"
"20200410","174711","128","28","231","8668"
"20200409","174583","144","31","218","1684"
"20200408","174439","161","30","256","1877"
"20200407","174278","169","38","275","1989"
"20200406","174109","167","35","249","2142"
"20200405","173942","119","32","210","1522"
"20200404","173823","167","27","248","1754"
"20200403","173656","210","32","347","2206"
"20200402","173446","197","49","351","2722"
"20200401","173249","228","36","409","14673"
"20200331","173021","231","37","591","3003"
"20200330","172790","218","37","529","2450"
"20200329","172572","137","44","224","1418"
"20200328","172435","130","43","208","1901"
"20200327","172305","162","49","260","8031"
"20200326","172143","151","41","221","1629"
"20200325","171992","176","36","239","1631"
"20200324","171816","265","42","356","3135"
"20200323","171551","148","43","208","1549"
"20200322","171403","107","42","144","1279"
"20200321","171296","79","49","139","1436"
"20200320","171217","129","31","190","1793"
"20200319","171088","148","45","203","2689"
"20200318","170940","138","46","198","7993"
"20200317","170802","90","49","136","1437"
"20200316","170712","75","67","119","1327"
"20200315","170637","84","55","134","1115"
"20200314","170553","82","44","139","1252"
"20200313","170471","127","69","182","1319"
"20200312","170344","80","43","121","1306"
"20200311","170264","102","33","160","1511"
"20200310","170162","88","53","154","2673"
"20200309","170074","142","53","205","14471"
"20200308","169932","86","53","142","1270"
"20200307","169846","108","47","174","1490"
"20200306","169738","99","48","149","1473"
"20200305","169639","106","50","156","1959"
"20200304","169533","90","49","142","8190"
"20200303","169443","97","45","169","22032"
"20200302","169346","80","48","127","1568"
"20200301","169266","76","43","126","1552"
"20200229","169190","65","2","124","1218"
"20200228","169125","80","33","134","1320"
"20200227","169045","144","30","216","1639"
"20200226","168901","84","30","126","1438"
"20200225","168817","95","44","147","1539"
"20200224","168722","126","39","184","1698"
"20200223","168596","154","36","196","2044"
"20200222","168442","127","28","187","3280"
"20200221","168315","149","51","211","4567"
"20200220","168166","223","41","300","7764"
"20200219","167943","206","35","270","10551"
"20200218","167737","211","18","302","3519"
"20200217","167526","171","30","241","2563"
"20200216","167355","159","36","217","2322"
"20200215","167196","187","41","253","2830"
"20200214","167009","183","44","259","2984"
"20200213","166826","168","59","251","2920"
"20200212","166658","161","70","228","2874"
"20200211","166497","194","35","254","3154"
"20200210","166303","140","34","198","2281"
"20200209","166163","166","52","227","2372"
"20200208","165997","158","47","220","2492"
"20200207","165839","141","32","202","2950"
"20200206","165698","165","35","225","3009"
"20200205","165533","177","44","235","3220"
"20200204","165356","204","56","267","3627"
"20200203","165152","198","46","258","3325"
"20200202","164954","178","46","255","2980"
"20200201","164776","256","41","338","3787"
"20200131","164520","270","46","346","3752"
"20200130","164250","280","39","369","4127"
"20200129","163970","249","36","346","4291"
"20200128","163721","286","47","376","4948"
"20200127","163435","183","42","246","3054"
"20200126","163252","179","40","244","2581"
"20200125","163073","134","54","211","2382"
"20200124","162939","191","51","275","4467"
"20200123","162748","307","55","407","14617"
"20200122","162441","262","47","346","14647"
"20200121","162179","230","63","313","4204"
"20200120","161949","183","30","267","3280"
"20200119","161766","276","37","356","3374"
"20200118","161490","286","58","390","3926"
"20200117","161204","298","100","397","4262"
"20200116","160906","333","122","435","4448"
"20200115","160573","320","37","420","4467"
"20200114","160253","350","39","459","4159"
"20200113","159903","203","35","297","3367"
"20200112","159700","342","37","422","3545"
"20200111","159358","340","26","429","4062"
"20200110","159018","283","23","383","4275"
"20200109","158735","320","29","409","4384"
"20200108","158415","285","31","398","4438"
"20200107","158130","278","23","359","3862"
"20200106","157852","261","22","354","3626"
"20200105","157591","322","25","425","3819"
"20200104","157269","405","32","531","4785"
"20200103","156864","487","28","639","5197"
"20200102","156377","356","19","457","5263"
"20200101","156021","197","27","282","3777"
"20191231","155824","253","23","332","4162"
"20191230","155571","266","15","336","3601"
"20191229","155305","275","25","391","3544"
"20191228","155030","311","24","424","4162"
"20191227","154719","369","23","495","4315"
"20191226","154350","306","33","394","4252"
"20191225","154044","219","22","287","3116"
"20191224","153825","284","25","376","8484"
"20191223","153541","247","27","329","3578"
"20191222","153294","279","28","373","3440"
"20191221","153015","269","35","364","3874"
"20191220","152746","307","42","393","4146"
"20191219","152439","325","39","452","3934"
"20191218","152114","236","40","344","4049"
"20191217","151878","227","54","311","3942"
"20191216","151651","272","55","352","3410"
"20191215","151379","287","49","401","3333"
"20191214","151092","242","40","364","3754"
"20191213","150850","252","50","345","3822"
"20191212","150598","237","6","321","3990"
"20191211","150361","225","3","302","3770"
"20191210","150136","226","6","298","3955"
"20191209","149910","155","5","217","3269"
"20191208","149755","224","8","293","3440"
"20191207","149531","226","3","293","3865"
"20191206","149305","277","9","374","4232"
"20191205","149028","245","4","326","4138"
"20191204","148783","327","7","444","4723"
"20191203","148456","374","4","481","5566"
"20191202","148082","271","8","356","15625"
"20191201","147811","295","12","392","4419"
"20191130","147516","313","5","441","4761"
"20191129","147203","320","6","426","10390"
"20191128","146883","333","6","462","4998"
"20191127","146550","418","6","530","12675"
"20191126","146132","328","3","439","4343"
"20191125","145804","327","4","438","3672"
"20191124","145477","307","9","410","4170"
"20191123","145170","456","8","627","7072"
"20191122","144714","339","6","463","13337"
"20191121","144375","355","5","456","4253"
"20191120","144020","305","6","397","3926"
"20191119","143715","324","4","414","3911"
"20191118","143391","374","0","468","3431"
"20191117","143017","287","7","366","3164"
"20191116","142730","297","3","421","3768"
"20191115","142433","634","10","753","4278"
"20191114","141799","410","5","511","4628"
"20191113","141389","434","4","551","12108"
"20191112","140955","441","7","553","4110"
"20191111","140514","366","9","463","3215"
"20191110","140148","233","3","311","3143"
"20191109","139915","281","4","390","3692"
"20191108","139634","466","7","576","4193"
"20191107","139168","470","5","609","4341"
"20191106","138698","489","9","613","4213"
"20191105","138209","527","8","650","4506"
"20191104","137682","273","5","377","3373"
"20191103","137409","253","8","354","3435"
"20191102","137156","331","9","438","4321"
"20191101","136825","396","9","533","5663"
"20191031","136429","711","15","920","13360"
"20191030","135718","899","13","1106","15817"
"20191029","134819","482","2","621","4488"
"20191028","134337","455","3","585","3823"
"20191027","133882","291","4","384","3568"
"20191026","133591","351","5","487","4615"
"20191025","133240","642","11","774","16392"
"20191024","132598","708","10","848","6695"
"20191023","131890","635","4","786","4417"
"20191022","131255","591","1","679","4131"
"20191021","130664","409","3","517","3116"
"20191020","130255","228","1","311","2861"
"20191019","130027","337","3","465","3419"
"20191018","129690","370","4","486","3859"
"20191017","129320","317","7","435","3632"
"20191016","129003","264","3","351","3548"
"20191015","128739","285","3","376","3807"
"20191014","128454","267","5","337","3051"
"20191013","128187","223","4","310","3133"
"20191012","127964","250","6","331","4281"
"20191011","127714","368","9","482","18656"
"20191010","127346","297","6","385","3616"
"20191009","127049","160","5","232","2161"
"20191008","126889","316","2","411","3859"
"20191007","126573","188","3","252","2869"
"20191006","126385","221","3","277","2846"
"20191005","126164","220","4","293","3371"
"20191004","125944","267","9","354","3823"
"20191003","125677","254","5","365","2743"
"20191002","125423","300","1","384","3777"
"20191001","125123","329","6","441","4134"
"20190930","124794","243","4","321","2854"
"20190929","124551","200","3","278","2640"
"20190928","124351","299","3","394","3211"
"20190927","124052","327","0","428","3473"
"20190926","123725","333","6","430","3374"
"20190925","123392","572","4","722","4153"
"20190924","122820","338","2","436","3655"
"20190923","122482","340","4","435","3806"
"20190922","122142","244","1","312","3337"
"20190921","121898","343","2","449","3069"
"20190920","121555","374","4","478","3699"
"20190919","121181","473","3","597","3764"
"20190918","120708","601","9","725","4213"
"20190917","120107","546","6","673","4144"
"20190916","119561","270","7","366","3157"
"20190915","119291","201","4","278","3246"
"20190914","119090","153","5","232","2428"
"20190913","118937","173","7","257","2144"
"20190912","118764","205","2","255","2232"
"20190911","118559","286","12","394","3901"
"20190910","118273","387","2","474","3917"
"20190909","117886","324","3","414","3125"
"20190908","117562","179","4","287","2868"
"20190907","117383","230","1","326","2823"
"20190906","117153","335","6","456","3694"
"20190905","116818","460","9","549","3922"
"20190904","116358","416","9","519","3929"
"20190903","115942","482","15","613","4517"
"20190902","115460","348","7","476","3602"
"20190901","115112","307","7","422","4055"
"20190831","114805","318","8","425","3435"
"20190830","114487","347","2","468","3595"
"20190829","114140","363","3","505","3455"
"20190828","113777","535","7","663","3975"
"20190827","113242","716","8","862","4229"
"20190826","112526","800","10","1008","3868"
"20190825","111726","304","2","403","3311"
"20190824","111422","414","5","548","8968"
"20190823","111008","794","11","974","4567"
"20190822","110214","439","3","573","4037"
"20190821","109775","484","3","606","3933"
"20190820","109291","402","3","522","3959"
"20190819","108889","285","6","370","2984"
"20190818","108604","405","4","518","4590"
"20190817","108199","455","1","574","4133"
"20190816","107744","365","6","459","4283"
"20190815","107379","394","8","496","3598"
"20190814","106985","485","6","597","4475"
"20190813","106500","438","6","545","4299"
"20190812","106062","305","6","396","3200"
"20190811","105757","429","2","521","5366"
"20190810","105328","534","12","639","4343"
"20190809","104794","432","5","561","4298"
"20190808","104362","399","6","517","4168"
"20190807","103963","444","8","571","4264"
"20190806","103519","430","13","541","4440"
"20190805","103089","357","25","433","3649"
"20190804","102732","437","11","571","3881"
"20190803","102295","475","17","580","4701"
"20190802","101820","443","6","619","4971"
"20190801","101377","453","7","583","5644"
"20190731","100924","391","7","509","4090"
"20190730","100533","466","6","597","4168"
"20190729","100067","394","5","492","3207"
"20190728","99673","397","1","504","3218"
"20190727","99276","406","3","509","3806"
"20190726","98870","380","5","486","3558"
"20190725","98490","494","6","627","4051"
"20190724","97996","458","9","585","4088"
"20190723","97538","384","5","515","3859"
"20190722","97154","343","1","440","3095"
"20190721","96811","401","7","491","3485"
"20190720","96410","438","4","584","4068"
"20190719","95972","494","15","619","4253"
"20190718","95478","503","7","625","4089"
"20190717","94975","628","21","757","4544"
"20190716","94347","748","16","930","4850"
"20190715","93599","1315","13","1572","4899"
"20190714","92284","475","18","593","3445"
"20190713","91809","528","16","678","4134"
"20190712","91281","537","12","702","4606"
"20190711","90744","604","22","781","16981"
"20190710","90140","484","9","561","3857"
"20190709","89656","450","15","567","4110"
"20190708","89206","410","21","501","3440"
"20190707","88796","628","13","745","3795"
"20190706","88168","886","15","1062","4637"
"20190705","87282","506","30","617","4651"
"20190704","86776","824","17","1007","4964"
"20190703","85952","807","63","880","4818"
"20190702","85145","568","119","567","4708"
"20190701","84577","427","71","458","4035"
"20190630","84150","297","9","389","2823"
"20190629","83853","368","14","464","3238"
"20190628","83485","280","13","360","3201"
"20190627","83205","356","8","428","3308"
"20190626","82849","355","9","436","4019"
"20190625","82494","538","27","656","10861"
"20190624","81956","390","95","384","2966"
"20190623","81566","350","40","408","2924"
"20190622","81216","400","72","448","3448"
"20190621","80816","504","99","515","3857"
"20190620","80312","401","49","489","3686"
"20190619","79911","445","53","515","3695"
"20190618","79466","920","36","1126","4112"
"20190617","78546","317","15","411","2974"
"20190616","78229","319","28","381","2755"
"20190615","77910","538","172","465","3500"
"20190614","77372","301","25","376","3421"
"20190613","77071","443","39","524","3435"
"20190612","76628","299","18","364","3332"
"20190611","76329","306","45","366","3372"
"20190610","76023","288","28","350","2785"
"20190609","75735","390","52","428","3173"
"20190608","75345","437","105","407","3427"
"20190607","74908","440","69","469","3952"
"20190606","74468","498","115","469","3095"
"20190605","73970","377","60","414","3734"
"20190604","73593","385","95","431","3537"
"20190603","73208","296","18","388","3024"
"20190602","72912","381","75","398","3035"
"20190601","72531","444","61","514","3731"
"20190531","72087","496","85","532","3610"
"20190530","71591","429","42","498","3516"
"20190529","71162","418","15","498","3261"
"20190528","70744","315","17","385","3249"
"20190527","70429","225","5","298","6106"
"20190526","70204","295","31","329","2407"
"20190525","69909","311","34","368","2737"
"20190524","69598","290","11","365","3831"
"20190523","69308","252","8","311","2763"
"20190522","69056","245","3","328","2877"
"20190521","68811","265","27","301","7822"
"20190520","68546","199","29","207","1990"
"20190519","68347","271","71","267","2078"
"20190518","68076","349","70","364","2447"
"20190517","67727","302","20","371","2691"
"20190516","67425","347","7","413","2741"
"20190515","67078","425","3","511","2886"
"20190514","66653","230","6","300","2497"
"20190513","66423","182","3","240","1860"
"20190512","66241","154","8","202","1632"
"20190511","66087","220","6","310","2282"
"20190510","65867","237","22","294","2504"
"20190509","65630","239","4","303","2640"
"20190508","65391","216","3","277","6771"
"20190507","65175","248","5","333","2540"
"20190506","64927","219","7","282","1751"
"20190505","64708","209","6","270","1650"
"20190504","64499","200","12","271","1824"
"20190503","64299","238","14","287","2446"
"20190502","64061","264","4","315","2600"
"20190501","63797","264","1","321","2814"
"20190430","63533","259","8","320","2661"
"20190429","63274","208","17","265","2040"
"20190428","63066","209","5","270","2167"
"20190427","62857","234","3","298","2449"
"20190426","62623","242","2","305","2644"
"20190425","62381","278","5","356","2572"
"20190424","62103","247","5","318","2733"
"20190423","61856","238","1","306","4370"
"20190422","61618","193","4","253","1879"
"20190421","61425","224","0","287","1874"
"20190420","61201","219","0","281","2096"
"20190419","60982","292","6","353","3106"
"20190418","60690","378","1","465","2524"
"20190417","60312","857","5","1029","3364"
"20190416","59455","214","0","283","2623"
"20190415","59241","166","3","214","6149"
"20190414","59075","148","2","197","1705"
"20190413","58927","182","2","227","1830"
"20190412","58745","230","2","288","2266"
"20190411","58515","154","2","202","2034"
"20190410","58361","156","2","207","1972"
"20190409","58205","203","1","268","1963"
"20190408","58002","144","2","170","1670"
"20190407","57858","142","0","193","1616"
"20190406","57716","175","4","226","1959"
"20190405","57541","156","1","198","1995"
"20190404","57385","192","2","235","2283"
"20190403","57193","216","3","279","7335"
"20190402","56977","219","3","276","2054"
"20190401","56758","211","24","247","1796"
"20190331","56547","205","15","234","1903"
"20190330","56342","290","62","273","2170"
"20190329","56052","205","2","248","2008"
"20190328","55847","332","3","405","2073"
"20190327","55515","326","3","396","2151"
"20190326","55189","183","5","213","2003"
"20190325","55006","153","5","201","1592"
"20190324","54853","254","5","315","2306"
"20190323","54599","195","9","253","1950"
"20190322","54404","289","74","278","2099"
"20190321","54115","160","1","208","1824"
"20190320","53955","165","1","218","1791"
"20190319","53790","225","14","263","1952"
"20190318","53565","180","28","196","1509"
"20190317","53385","276","67","261","1844"
"20190316","53109","246","4","308","2167"
"20190315","52863","228","6","270","1924"
"20190314","52635","205","1","266","1859"
"20190313","52430","187","5","231","1950"
"20190312","52243","224","20","264","1920"
"20190311","52019","200","4","241","1641"
"20190310","51819","282","23","315","2551"
"20190309","51537","311","15","372","2199"
"20190308","51226","263","10","312","2179"
"20190307","50963","295","2","362","2064"
"20190306","50668","347","6","424","2170"
"20190305","50321","342","12","416","2114"
"20190304","49979","260","8","304","1621"
"20190303","49719","218","3","272","1694"
"20190302","49501","236","8","284","1835"
"20190301","49265","232","5","258","1584"
"20190228","49033","222","25","247","1895"
"20190227","48811","220","3","283","1822"
"20190226","48591","170","1","217","1711"
"20190225","48421","194","1","235","1495"
"20190224","48227","222","2","270","1604"
"20190223","48005","217","1","269","1683"
"20190222","47788","233","1","269","1754"
"20190221","47555","172","3","218","2982"
"20190220","47383","194","2","235","1731"
"20190219","47189","193","1","235","1619"
"20190218","46996","174","1","206","1281"
"20190217","46822","220","0","252","1577"
"20190216","46602","205","0","285","1784"
"20190215","46397","195","1","228","1737"
"20190214","46202","219","6","268","4397"
"20190213","45983","227","1","288","1865"
"20190212","45756","368","4","431","2130"
"20190211","45388","191","0","234","1382"
"20190210","45197","219","4","255","1728"
"20190209","44978","307","4","361","1938"
"20190208","44671","306","2","356","2072"
"20190207","44365","280","4","331","2034"
"20190206","44085","227","5","266","1353"
"20190205","43858","193","2","225","1210"
"20190204","43665","282","13","319","1228"
"20190203","43383","214","6","262","1522"
"20190202","43169","316","8","371","1983"
"20190201","42853","338","12","372","2117"
"20190131","42515","337","2","395","1686"
"20190130","42178","208","3","273","1657"
"20190129","41970","207","3","269","1666"
"20190128","41763","165","6","214","1272"
"20190127","41598","223","4","267","1417"
"20190126","41375","222","3","286","1622"
"20190125","41153","189","4","254","1457"
"20190124","40964","221","0","272","1547"
"20190123","40743","190","4","254","1437"
"20190122","40553","200","3","256","1584"
"20190121","40353","249","1","309","1208"
"20190120","40104","468","0","578","1667"
"20190119","39636","214","2","268","1498"
"20190118","39422","213","1","279","3848"
"20190117","39209","222","0","291","1520"
"20190116","38987","179","0","242","1494"
"20190115","38808","177","1","217","1383"
"20190114","38631","201","1","261","1043"
"20190113","38430","358","2","437","1572"
"20190112","38072","194","2","242","1254"
"20190111","37878","237","4","294","1508"
"20190110","37641","202","1","266","1284"
"20190109","37439","230","1","300","1442"
"20190108","37209","269","5","354","1602"
"20190107","36940","449","4","560","1387"
"20190106","36491","352","2","395","1460"
"20190105","36139","287","8","341","1468"
"20190104","35852","239","7","320","1476"
"20190103","35613","284","2","350","1475"
"20190102","35329","250","8","301","1583"
"20190101","35079","192","1","250","926"
"20181231","34887","157","1","202","924"
"20181230","34730","195","0","255","1105"
"20181229","34535","213","2","249","1095"
"20181228","34322","186","2","231","1149"
"20181227","34136","222","0","287","1114"
"20181226","33914","202","2","273","1185"
"20181225","33712","168","1","206","889"
"20181224","33544","158","5","220","1661"
"20181223","33386","182","1","247","1094"
"20181222","33204","167","0","228","1030"
"20181221","33037","194","3","260","3142"
"20181220","32843","204","6","301","1210"
"20181219","32639","185","2","245","1094"
"20181218","32454","179","2","256","1089"
"20181217","32275","138","3","183","816"
"20181216","32137","209","2","280","1031"
"20181215","31928","322","2","373","1346"
"20181214","31606","549","3","719","1577"
"20181213","31057","157","2","218","958"
"20181212","30900","172","0","224","1108"
"20181211","30728","182","0","235","1099"
"20181210","30546","167","7","193","825"
"20181209","30379","235","3","284","1049"
"20181208","30144","369","1","439","1345"
"20181207","29775","368","3","427","1380"
"20181206","29407","1334","7","1922","2733"
"20181205","28073","170","4","241","968"
"20181204","27903","159","0","220","907"
"20181203","27744","126","3","203","657"
"20181202","27618","200","1","265","920"
"20181201","27418","208","0","277","883"
"20181130","27210","155","2","209","840"
"20181129","27055","177","3","235","884"
"20181128","26878","179","3","258","979"
"20181127","26699","170","0","246","861"
"20181126","26529","152","3","230","645"
"20181125","26377","170","2","218","819"
"20181124","26207","189","1","244","859"
"20181123","26018","203","2","305","2407"
"20181122","25815","215","0","309","928"
"20181121","25600","298","2","404","1007"
"20181120","25302","158","1","218","795"
"20181119","25144","121","2","181","545"
"20181118","25023","153","2","200","616"
"20181117","24870","178","1","239","771"
"20181116","24692","143","2","201","745"
"20181115","24549","101","2","150","735"
"20181114","24448","98","2","137","698"
"20181113","24350","86","0","131","732"
"20181112","24264","63","4","91","427"
"20181111","24201","76","0","104","535"
"20181110","24125","102","0","132","607"
"20181109","24023","85","1","134","710"
"20181108","23938","104","0","140","720"
"20181107","23834","100","1","144","653"
"20181106","23734","111","2","164","768"
"20181105","23623","78","1","136","477"
"20181104","23545","105","2","140","652"
"20181103","23440","95","3","128","644"
"20181102","23345","141","5","180","721"
"20181101","23204","157","2","218","878"
"20181031","23047","125","0","184","768"
"20181030","22922","94","2","141","663"
"20181029","22828","61","0","108","372"
"20181028","22767","80","2","116","498"
"20181027","22687","91","0","128","509"
"20181026","22596","63","5","87","445"
"20181025","22533","74","0","104","598"
"20181024","22459","93","2","111","1757"
"20181023","22366","98","2","135","647"
"20181022","22268","56","2","66","330"
"20181021","22212","97","2","129","550"
"20181020","22115","112","0","156","597"
"20181019","22003","102","2","120","624"
"20181018","21901","106","1","145","534"
"20181017","21795","83","0","106","497"
"20181016","21712","56","4","77","483"
"20181015","21656","46","0","63","298"
"20181014","21610","47","0","62","382"
"20181013","21563","42","0","65","414"
"20181012","21521","78","2","91","555"
"20181011","21443","67","2","95","498"
"20181010","21376","64","1","90","544"
"20181009","21312","42","1","61","207"
"20181008","21270","59","1","87","338"
"20181007","21211","59","1","96","506"
"20181006","21152","68","2","87","504"
"20181005","21084","65","0","95","506"
"20181004","21019","78","1","102","597"
"20181003","20941","61","1","82","301"
"20181002","20880","76","0","107","558"
"20181001","20804","77","3","106","378"
"20180930","20727","84","0","106","557"
"20180929","20643","75","2","101","495"
"20180928","20568","113","1","152","625"
"20180927","20455","77","2","108","687"
"20180926","20378","43","1","56","278"
"20180925","20335","34","1","46","196"
"20180924","20301","15","0","21","145"
"20180923","20286","20","0","46","180"
"20180922","20266","46","0","70","454"
"20180921","20220","54","2","92","518"
"20180920","20166","67","1","99","559"
"20180919","20099","61","0","103","532"
"20180918","20038","60","1","85","579"
"20180917","19978","42","0","74","390"
"20180916","19936","39","0","70","432"
"20180915","19897","55","1","71","837"
"20180914","19842","48","2","67","2186"
"20180913","19794","62","2","91","463"
"20180912","19732","54","1","90","489"
"20180911","19678","55","0","88","532"
"20180910","19623","49","1","75","359"
"20180909","19574","49","0","87","455"
"20180908","19525","63","3","97","524"
"20180907","19462","85","1","123","604"
"20180906","19377","74","1","104","531"
"20180905","19303","145","0","201","617"
"20180904","19158","118","0","169","709"
"20180903","19040","82","3","120","397"
"20180902","18958","38","0","50","376"
"20180901","18920","50","0","77","474"
"20180831","18870","58","1","83","473"
"20180830","18812","48","3","77","484"
"20180829","18764","40","0","57","444"
"20180828","18724","47","1","75","443"
"20180827","18677","26","2","41","258"
"20180826","18651","40","0","56","355"
"20180825","18611","47","1","61","425"
"20180824","18564","43","1","65","468"
"20180823","18521","40","2","64","454"
"20180822","18481","37","2","47","535"
"20180821","18444","65","1","87","503"
"20180820","18379","32","0","44","327"
"20180819","18347","39","1","55","445"
"20180818","18308","47","2","57","462"
"20180817","18261","60","1","75","523"
"20180816","18201","56","1","70","539"
"20180815","18145","30","1","36","235"
"20180814","18115","55","1","70","566"
"20180813","18060","38","0","42","339"
"20180812","18022","46","1","62","457"
"20180811","17976","45","0","63","467"
"20180810","17931","48","0","58","480"
"20180809","17883","56","2","76","479"
"20180808","17827","53","0","75","480"
"20180807","17774","80","3","100","642"
"20180806","17694","45","3","53","343"
"20180805","17649","46","0","66","422"
"20180804","17603","52","0","74","483"
"20180803","17551","58","0","74","511"
"20180802","17493","87","0","95","563"
"20180801","17406","89","0","111","637"
"20180731","17317","96","1","123","672"
"20180730","17221","41","0","49","306"
"20180729","17180","51","1","70","413"
"20180728","17129","46","1","57","441"
"20180727","17083","65","2","75","498"
"20180726","17018","79","0","99","513"
"20180725","16939","55","1","67","459"
"20180724","16884","63","1","81","517"
"20180723","16821","20","0","29","252"
"20180722","16801","44","0","57","360"
"20180721","16757","45","0","57","396"
"20180720","16712","43","0","51","393"
"20180719","16669","48","6","69","433"
"20180718","16621","53","0","77","436"
"20180717","16568","58","0","69","475"
"20180716","16510","30","0","41","274"
"20180715","16480","33","0","46","290"
"20180714","16447","48","2","54","369"
"20180713","16399","41","0","55","418"
"20180712","16358","52","1","66","406"
"20180711","16306","47","1","61","385"
"20180710","16259","46","1","62","432"
"20180709","16213","26","1","37","270"
"20180708","16187","44","2","45","318"
"20180707","16143","44","0","59","356"
"20180706","16099","51","1","66","430"
"20180705","16048","56","1","73","490"
"20180704","15992","65","1","76","525"
"20180703","15927","69","0","85","1567"
"20180702","15858","43","0","61","284"
"20180701","15815","44","1","53","373"
"20180630","15771","50","0","54","387"
"20180629","15721","60","1","78","424"
"20180628","15661","57","0","74","401"
"20180627","15604","83","1","103","545"
"20180626","15521","98","0","121","468"
"20180625","15423","199","0","277","541"
"20180624","15224","83","3","115","388"
"20180623","15141","97","0","135","402"
"20180622","15044","110","2","144","551"
"20180621","14934","131","0","153","1624"
"20180620","14803","139","2","192","576"
"20180619","14664","154","2","203","588"
"20180618","14510","77","4","103","301"
"20180617","14433","97","0","124","414"
"20180616","14336","136","1","169","490"
"20180615","14200","243","3","307","584"
"20180614","13957","66","0","88","365"
"20180613","13891","72","0","85","273"
"20180612","13819","41","1","60","378"
"20180611","13778","28","1","34","260"
"20180610","13750","50","0","58","303"
"20180609","13700","45","1","65","327"
"20180608","13655","46","2","61","341"
"20180607","13609","31","1","46","460"
"20180606","13578","15","1","18","206"
"20180605","13563","29","2","42","318"
"20180604","13534","47","2","67","320"
"20180603","13487","37","3","47","334"
"20180602","13450","26","1","34","356"
"20180601","13424","32","0","41","362"
"20180531","13392","47","3","60","416"
"20180530","13345","74","0","94","449"
"20180529","13271","57","2","75","421"
"20180528","13214","40","2","48","265"
"20180527","13174","31","1","38","256"
"20180526","13143","37","3","45","326"
"20180525","13106","32","0","46","335"
"20180524","13074","55","1","67","377"
"20180523","13019","61","0","79","417"
"20180522","12958","44","2","54","226"
"20180521","12914","33","0","50","236"
"20180520","12881","46","1","60","302"
"20180519","12835","46","0","57","344"
"20180518","12789","65","2","77","348"
"20180517","12724","118","4","142","425"
"20180516","12606","223","4","270","591"
"20180515","12383","50","0","71","338"
"20180514","12333","37","1","53","254"
"20180513","12296","41","0","45","284"
"20180512","12255","31","0","43","295"
"20180511","12224","41","1","52","342"
"20180510","12183","38","1","51","335"
"20180509","12145","60","1","80","369"
"20180508","12085","37","1","48","327"
"20180507","12048","30","0","34","176"
"20180506","12018","45","1","47","259"
"20180505","11973","21","1","28","171"
"20180504","11952","34","0","50","281"
"20180503","11918","39","1","45","349"
"20180502","11879","38","2","47","304"
"20180501","11841","48","1","63","345"
"20180430","11793","34","1","38","243"
"20180429","11759","36","0","43","302"
"20180428","11723","52","0","70","293"
"20180427","11671","46","0","50","343"
"20180426","11625","43","2","53","322"
"20180425","11582","66","1","76","384"
"20180424","11516","51","3","61","401"
"20180423","11465","27","0","37","250"
"20180422","11438","57","0","57","306"
"20180421","11381","67","1","86","390"
"20180420","11314","52","2","70","383"
"20180419","11262","56","0","69","346"
"20180418","11206","63","1","77","360"
"20180417","11143","55","3","66","350"
"20180416","11088","45","0","49","262"
"20180415","11043","50","0","57","302"
"20180414","10993","55","0","74","361"
"20180413","10938","52","2","57","376"
"20180412","10886","59","0","72","340"
"20180411","10827","65","1","74","380"
"20180410","10762","61","1","76","361"
"20180409","10701","52","3","62","240"
"20180408","10649","66","1","76","333"
"20180407","10583","60","0","67","341"
"20180406","10523","54","1","60","362"
"20180405","10469","53","2","65","344"
"20180404","10416","82","3","93","383"
"20180403","10334","64","1","70","385"
"20180402","10270","36","0","48","257"
"20180401","10234","56","2","63","295"
"20180331","10178","73","1","76","349"
"20180330","10105","61","2","78","359"
"20180329","10044","68","0","77","366"
"20180328","9976","76","1","85","354"
"20180327","9900","72","0","97","394"
"20180326","9828","70","0","88","300"
"20180325","9758","80","2","96","355"
"20180324","9678","96","0","119","364"
"20180323","9582","82","1","102","347"
"20180322","9500","81","1","107","360"
"20180321","9419","91","3","112","367"
"20180320","9328","95","0","120","414"
"20180319","9233","81","0","108","311"
"20180318","9152","88","1","99","337"
"20180317","9064","87","0","114","331"
"20180316","8977","89","1","116","346"
"20180315","8888","83","1","107","345"
"20180314","8805","141","3","170","451"
"20180313","8664","115","0","141","402"
"20180312","8549","73","2","92","279"
"20180311","8476","85","0","106","338"
"20180310","8391","92","0","108","321"
"20180309","8299","97","2","133","351"
"20180308","8202","125","1","143","432"
"20180307","8077","125","1","153","421"
"20180306","7952","113","2","136","394"
"20180305","7839","94","7","126","304"
"20180304","7745","95","0","120","305"
"20180303","7650","79","0","96","300"
"20180302","7571","90","1","120","343"
"20180301","7481","85","1","98","236"
"20180228","7396","111","1","147","345"
"20180227","7285","85","1","113","356"
"20180226","7200","71","0","86","273"
"20180225","7129","61","0","69","248"
"20180224","7068","83","2","100","258"
"20180223","6985","82","2","108","326"
"20180222","6903","67","1","94","314"
"20180221","6836","64","0","92","284"
"20180220","6772","88","0","103","356"
"20180219","6684","104","0","131","338"
"20180218","6580","60","1","73","215"
"20180217","6520","32","0","44","144"
"20180216","6488","30","0","29","121"
"20180215","6458","28","1","42","132"
"20180214","6430","65","2","83","275"
"20180213","6365","82","1","104","334"
"20180212","6283","63","0","81","279"
"20180211","6220","77","0","98","264"
"20180210","6143","170","1","192","416"
"20180209","5973","75","3","94","276"
"20180208","5898","92","2","119","337"
"20180207","5806","118","2","132","347"
"20180206","5688","86","1","107","297"
"20180205","5602","58","2","73","225"
"20180204","5544","70","1","73","292"
"20180203","5474","84","2","106","293"
"20180202","5390","76","1","101","295"
"20180201","5314","95","1","109","338"
"20180131","5219","108","3","110","309"
"20180130","5111","84","2","109","265"
"20180129","5027","82","0","90","289"
"20180128","4945","56","2","70","241"
"20180127","4889","83","0","103","298"
"20180126","4806","95","1","128","311"
"20180125","4711","109","2","143","332"
"20180124","4602","114","1","136","350"
"20180123","4488","105","2","134","320"
"20180122","4383","127","3","170","348"
"20180121","4256","111","3","132","320"
"20180120","4145","104","0","113","345"
"20180119","4041","241","4","327","524"
"20180118","3800","97","1","120","328"
"20180117","3703","109","0","133","331"
"20180116","3594","161","2","193","398"
"20180115","3433","182","1","242","395"
"20180114","3251","292","1","357","484"
"20180113","2959","86","0","105","284"
"20180112","2873","98","3","114","340"
"20180111","2775","91","1","112","257"
"20180110","2684","104","1","123","306"
"20180109","2580","83","3","107","254"
"20180108","2497","55","0","65","224"
"20180107","2442","60","0","71","223"
"20180106","2382","60","0","63","250"
"20180105","2322","75","2","91","247"
"20180104","2247","58","1","64","200"
"20180103","2189","67","5","78","230"
"20180102","2122","64","1","76","216"
"20180101","2058","36","0","40","125"
"20171231","2022","36","2","47","154"
"20171230","1986","32","1","40","147"
"20171229","1954","49","0","54","182"
"20171228","1905","66","1","73","198"
"20171227","1839","74","1","90","237"
"20171226","1765","59","2","76","184"
"20171225","1706","29","0","35","124"
"20171224","1677","48","0","60","164"
"20171223","1629","44","0","59","150"
"20171222","1585","58","1","68","208"
"20171221","1527","55","0","67","194"
"20171220","1472","69","3","81","213"
"20171219","1403","82","2","101","233"
"20171218","1321","117","1","162","284"
"20171217","1204","99","0","114","210"
"20171216","1105","114","1","124","252"
"20171215","991","136","3","158","344"
"20171214","855","196","4","222","410"
"20171213","659","146","2","162","370"
"20171212","513","218","4","276","523"
"20171211","295","240","4","293","646"
"20171210","55","7","3","7","77"
"20171209","48","1","0","4","20"
"20171208","47","6","3","11","101"
"20171207","41","3","2","11","159"
"20171206","38","1","2","3","124"
"20171205","37","9","1","15","108"
"20171204","28","9","1","9","109"
"20171203","19","10","1","12","31"
"20171202","9","2","0","12","85"
"20171201","7","4","1","19","219"
"20171130","3","1","0","0","39"
"20171129","2","2","0","0","17"
"20171128","0","0","0","0","0"
"20171121","0","0","0","0","0"
"20171120","0","0","0","0","10"
"20171119","0","0","0","0","0"
"20171118","0","0","0","0","0"
"20171117","0","0","0","0","1"
"20171116","0","0","0","0","1"
"20171115","0","0","0","0","3"
"20171114","0","0","0","0","0"
"20171113","0","0","0","0","0"
"20171112","0","0","0","0","0"
"20171111","0","0","0","0","0"
"20171110","0","0","0","0","0"
"20171109","0","0","0","0","0"
"20171108","0","0","0","0","1"
"20171107","0","0","0","0","0"
"20171106","0","0","0","0","0"
"20171105","0","0","0","0","0"
"20171104","0","0","0","0","0"
"20171103","0","0","0","0","4"
"20171102","0","0","0","0","3"
"20171101","0","0","0","0","12"
"20171031","0","0","0","0","5"
"20171030","0","0","0","0","11"
"20171001","0","0","0","0","0"
"20170901","0","0","0","0","0"
"20170801","0","0","0","0","0"
"20170701","0","0","0","0","0"